City_ID,City,Lat,Lng,Max Temp,Humidity,Cloudiness,Wind Speed,Country,Date
0,thompson,55.7435,-97.8558,-6.91,79,100,2.06,CA,1677874491
1,flin flon,54.7682,-101.865,-4.09,80,100,1.54,CA,1677874504
2,narrabri,-30.3167,149.7833,17.51,68,2,0.49,AU,1677874665
3,jamestown,42.097,-79.2353,6.77,61,100,8.23,US,1677874496
4,leningradskiy,69.3833,178.4167,-36.58,98,86,2.32,RU,1677874511
5,bethel,41.3712,-73.414,8.05,44,0,3.09,US,1677874494
6,miles city,46.4083,-105.8406,2.54,48,0,8.75,US,1677874665
7,sitka,57.0531,-135.33,2.94,60,75,0.0,US,1677874508
8,hermanus,-34.4187,19.2345,20.45,85,92,2.16,ZA,1677874226
9,kapaa,22.0752,-159.319,24.18,81,75,7.2,US,1677874503
10,torbay,47.6666,-52.7314,-2.07,71,75,3.6,CA,1677874506
11,poya,-21.35,165.15,25.35,89,100,5.25,NC,1677874666
12,egvekinot,66.3167,-179.1667,-34.26,97,62,2.01,RU,1677874535
13,carballo,43.213,-8.691,8.81,77,2,3.19,ES,1677874666
14,sur,22.5667,59.5289,24.23,67,12,3.69,OM,1677874507
15,kem,64.9555,34.5793,-9.75,98,94,1.96,RU,1677874666
16,albany,42.6001,-73.9662,5.33,46,96,0.45,US,1677874500
17,busselton,-33.65,115.3333,18.56,77,59,5.26,AU,1677874496
18,bredasdorp,-34.5322,20.0403,21.32,74,72,1.87,ZA,1677874499
19,vaini,-21.2,-175.2,25.09,88,100,5.14,TO,1677874498
20,san vicente,-26.6167,-54.1333,23.8,69,64,3.44,AR,1677874666
21,cherskiy,68.75,161.3,-40.23,99,43,2.24,RU,1677874519
22,chokurdakh,70.6333,147.9167,-41.06,100,63,1.64,RU,1677874494
23,bone,51.9669,12.1396,2.36,86,18,2.98,DE,1677874667
24,arraial do cabo,-22.9661,-42.0278,28.98,69,20,10.29,BR,1677874499
25,rikitea,-23.1203,-134.9692,26.53,70,88,5.3,PF,1677874492
26,lebu,-37.6167,-73.65,17.66,83,3,8.1,CL,1677874495
27,srednekolymsk,67.45,153.6833,-41.08,100,59,1.1,RU,1677874526
28,yellowknife,62.456,-114.3525,-19.71,65,100,4.63,CA,1677874500
29,luena,-11.7833,19.9167,17.14,94,28,0.73,AO,1677874667
30,ushuaia,-54.8,-68.3,6.81,76,40,8.75,AR,1677874262
31,alofi,-19.0595,-169.9187,27.94,83,75,3.09,NU,1677874667
32,libreville,0.3925,9.4537,27.55,81,99,4.2,GA,1677874667
33,rio claro,-22.4114,-47.5614,28.17,67,84,1.94,BR,1677874667
34,port elizabeth,-33.918,25.5701,22.83,89,0,4.12,ZA,1677874503
35,lagdo,9.05,13.7333,33.05,19,99,1.68,CM,1677874667
36,petukhovo,55.0692,67.9019,-15.65,94,77,3.81,RU,1677874667
37,butaritari,3.0707,172.7902,27.38,82,100,6.09,KI,1677874503
38,jabinyanah,35.035,10.9081,13.89,64,4,8.23,TN,1677874668
39,hilo,19.7297,-155.09,19.85,93,75,1.34,US,1677874504
40,upernavik,72.7868,-56.1549,-22.08,86,72,5.25,GL,1677874504
41,port-gentil,-0.7193,8.7815,28.98,84,40,5.66,GA,1677874624
42,edmonton,53.5501,-113.4687,1.6,42,20,5.14,CA,1677874551
43,longyearbyen,78.2186,15.6401,-14.09,56,75,7.2,SJ,1677874336
44,bilma,18.6853,12.9164,29.12,12,13,2.93,NE,1677874517
45,hobart,-42.8794,147.3294,11.7,87,75,2.57,AU,1677874324
46,vila velha,-20.3297,-40.2925,28.97,74,20,7.2,BR,1677874415
47,alyangula,-13.8483,136.4192,25.8,80,100,8.49,AU,1677874668
48,pacasmayo,-7.4006,-79.5714,26.22,70,36,5.34,PE,1677874668
49,padang,-0.9492,100.3543,24.37,90,100,1.88,ID,1677874543
50,vardo,70.3705,31.1107,-0.01,100,75,3.09,NO,1677874518
51,chutove,49.7104,35.1603,1.64,79,100,3.92,UA,1677874669
52,tuktoyaktuk,69.4541,-133.0374,-35.0,68,0,2.06,CA,1677874503
53,vestmanna,62.1564,-7.1664,2.51,75,100,3.09,FO,1677874669
54,qaqortoq,60.7167,-46.0333,5.89,63,93,9.44,GL,1677874669
55,barrow,71.2906,-156.7887,-26.99,91,0,0.0,US,1677874490
56,dikson,73.5069,80.5464,-29.88,100,100,2.6,RU,1677874502
57,qaanaaq,77.484,-69.3632,-21.08,54,0,4.1,GL,1677874517
58,port alfred,-33.5906,26.891,21.21,91,100,1.79,ZA,1677874495
59,marawi,7.9986,124.2928,17.77,95,36,0.69,PH,1677874518
60,balingasay,16.3573,119.8564,24.2,75,38,3.07,PH,1677874669
61,cape town,-33.9258,18.4232,20.19,80,7,2.24,ZA,1677874096
62,sao jose da coroa grande,-8.8978,-35.1478,27.65,71,82,4.35,BR,1677874519
63,aklavik,68.2191,-135.0107,-30.14,95,53,1.63,CA,1677874507
64,port blair,11.6667,92.75,26.02,89,40,0.0,IN,1677874670
65,ponta do sol,32.6667,-17.1,19.45,91,95,1.34,PT,1677874495
66,itacoatiara,-3.1431,-58.4442,30.09,68,79,2.45,BR,1677874670
67,bluff,-46.6,168.3333,13.84,55,62,6.78,NZ,1677874511
68,tiksi,71.6872,128.8694,-25.16,92,100,3.74,RU,1677874522
69,magalia,39.8121,-121.5783,10.08,73,91,1.32,US,1677874670
70,victoria,22.2855,114.1577,18.3,79,10,3.58,HK,1677874495
71,constitucion,-35.3333,-72.4167,20.21,63,8,5.75,CL,1677874670
72,new norfolk,-42.7826,147.0587,11.51,67,38,0.75,AU,1677874496
73,saint anthony,45.0205,-93.218,3.53,71,100,1.54,US,1677874670
74,punta arenas,-53.15,-70.9167,7.01,87,75,12.86,CL,1677874491
75,alice springs,-23.7,133.8833,13.75,44,53,3.09,AU,1677874536
76,almaznyy,48.0448,40.045,-0.42,81,100,3.76,RU,1677874539
77,atuona,-9.8,-139.0333,26.41,79,1,7.94,PF,1677874490
78,inhambane,-23.865,35.3833,24.46,90,17,5.85,MZ,1677874527
79,khatanga,71.9667,102.5,-16.34,97,100,3.06,RU,1677874494
80,ribeira grande,38.5167,-28.7,14.87,67,40,2.06,PT,1677874496
81,georgetown,5.4112,100.3354,24.97,100,20,0.0,MY,1677874455
82,tautira,-17.7333,-149.15,27.44,75,100,5.06,PF,1677874492
83,mehamn,71.0357,27.8492,0.97,80,75,8.23,NO,1677874547
84,cabo san lucas,22.8909,-109.9124,24.23,60,0,3.6,MX,1677874501
85,thabazimbi,-24.5917,27.4116,19.0,74,16,2.23,ZA,1677874671
86,castro,-24.7911,-50.0119,22.05,88,99,3.95,BR,1677874490
87,pisco,-13.7,-76.2167,28.03,54,0,7.72,PE,1677874543
88,saldanha,-33.0117,17.9442,17.9,91,0,5.27,ZA,1677874530
89,bilibino,68.0546,166.4372,-41.85,99,45,1.81,RU,1677874522
90,cayenne,4.9333,-52.3333,25.02,88,100,4.63,GF,1677874526
91,matara,5.9485,80.5353,24.26,83,98,4.88,LK,1677874671
92,bathsheba,13.2167,-59.5167,27.34,65,75,7.72,BB,1677874535
93,yerbogachen,61.2767,108.0108,-8.72,96,94,2.65,RU,1677874493
94,bairiki,1.3292,172.9752,28.0,83,75,2.57,KI,1677874549
95,nanortalik,60.1432,-45.2371,5.28,75,22,7.69,GL,1677874491
96,saint george,37.1041,-113.5841,11.35,39,0,2.06,US,1677874518
97,san patricio,28.017,-97.5169,26.97,23,0,5.32,US,1677874510
98,dabeiba,7.0017,-76.2672,27.68,86,100,1.82,CO,1677874672
99,kenai,60.5544,-151.2583,-13.95,85,0,1.54,US,1677874667
100,kutum,14.2,24.6667,23.03,13,6,4.54,SD,1677874672
101,lokossa,6.6387,1.7167,27.92,76,100,3.26,BJ,1677874672
102,esperance,-33.8667,121.9,19.56,88,0,5.27,AU,1677874493
103,nieuw amsterdam,5.8833,-55.0833,27.3,81,40,1.03,SR,1677874672
104,bumba,2.1833,22.4667,27.23,52,99,0.68,CD,1677874672
105,northam,51.0333,-4.2167,4.78,75,36,3.58,GB,1677874511
106,bukachacha,52.9833,116.9167,-8.77,100,100,0.57,RU,1677874673
107,lagoa,39.05,-27.9833,14.05,68,100,5.83,PT,1677874514
108,nikolskoye,59.7035,30.7861,-3.06,97,80,2.2,RU,1677874499
109,shakawe,-18.3667,21.85,22.02,73,26,2.67,BW,1677874472
110,santa rosa,14.3122,121.1114,23.99,77,36,3.6,PH,1677874334
111,vila do maio,15.1333,-23.2167,23.44,75,64,5.91,CV,1677874673
112,carnarvon,-24.8667,113.6333,25.92,77,4,5.84,AU,1677874242
113,adeje,28.1227,-16.726,18.61,86,75,2.57,ES,1677874673
114,lompoc,34.6391,-120.4579,18.34,63,11,5.81,US,1677874520
115,salinopolis,-0.6136,-47.3561,25.98,86,99,6.72,BR,1677874673
116,hithadhoo,-0.6,73.0833,27.0,77,23,4.71,MV,1677874501
117,hofn,64.2539,-15.2082,1.79,87,100,4.42,IS,1677874511
118,ixtapa,20.7,-105.2,23.57,64,20,6.69,MX,1677874674
119,dudinka,69.4058,86.1778,-16.88,99,100,1.44,RU,1677874448
120,den helder,52.9599,4.7593,6.65,77,100,5.81,NL,1677874403
121,faanui,-16.4833,-151.75,27.59,72,98,1.4,PF,1677874513
122,saint-philippe,-21.3585,55.7679,26.77,81,91,3.66,RE,1677874498
123,calvia,39.5657,2.5062,8.31,72,49,1.43,ES,1677874665
124,cockburn town,21.4612,-71.1419,26.98,61,40,5.14,TC,1677874513
125,mae sot,16.7167,98.5667,21.35,54,2,0.79,TH,1677874674
126,stornoway,58.2093,-6.3865,6.07,76,75,0.0,GB,1677874674
127,port augusta,-32.5,137.7667,19.03,59,0,2.82,AU,1677874674
128,zhigalovo,54.8097,105.1578,-10.62,99,92,1.48,RU,1677874674
129,faya,18.3851,42.4509,15.29,58,1,1.57,SA,1677874675
130,klaksvik,62.2266,-6.589,3.51,70,82,4.8,FO,1677874343
131,pimentel,-6.8367,-79.9342,29.16,54,20,8.23,PE,1677874618
132,nuuk,64.1835,-51.7216,3.82,60,100,3.48,GL,1677874675
133,ilulissat,69.2167,-51.1,-2.99,86,40,1.03,GL,1677874524
134,praia da vitoria,38.7333,-27.0667,14.86,82,40,6.84,PT,1677874675
135,luanda,-8.8368,13.2343,27.0,78,20,5.14,AO,1677874537
136,vila franca do campo,37.7167,-25.4333,14.23,94,100,4.84,PT,1677874675
137,katobu,-4.9408,122.5276,23.57,91,90,0.21,ID,1677874537
138,sao filipe,14.8961,-24.4956,24.02,59,40,4.29,CV,1677874505
139,iwakura,35.2833,136.8667,6.92,58,87,1.72,JP,1677874675
140,khasan,42.4308,130.6434,-1.64,74,2,1.24,RU,1677874676
141,shache,38.4167,77.2406,6.86,41,66,0.95,CN,1677874676
142,pevek,69.7008,170.3133,-38.25,100,68,2.44,RU,1677874528
143,kahului,20.8947,-156.47,24.36,75,40,7.72,US,1677874520
144,geraldton,-28.7667,114.6,22.23,83,6,2.57,AU,1677874512
145,mount pleasant,32.7941,-79.8626,27.08,78,20,7.72,US,1677874676
146,maniitsoq,65.4167,-52.9,-0.6,77,100,6.1,GL,1677874501
147,vestmannaeyjar,63.4427,-20.2734,5.6,78,100,6.13,IS,1677874538
148,hailin,44.5833,129.4167,-11.37,89,4,0.42,CN,1677874571
149,ati,13.2154,18.3353,29.93,8,57,2.92,TD,1677874676
150,roma,43.2128,-75.4557,4.37,45,0,7.2,US,1677874134
151,makakilo city,21.3469,-158.0858,24.27,84,75,2.57,US,1677874540
152,juneau,58.3019,-134.4197,1.0,90,100,0.0,US,1677874676
153,mercedes,-34.6515,-59.4307,36.64,19,3,4.52,AR,1677874539
154,sola,-13.8833,167.55,27.84,81,100,12.04,VU,1677874546
155,nantucket,41.2835,-70.0995,6.16,61,0,1.54,US,1677874677
156,buala,-8.145,159.5921,24.92,94,100,3.32,SB,1677874677
157,grindavik,63.8424,-22.4338,4.26,100,75,4.63,IS,1677874492
158,burgos,42.3394,-3.7079,2.23,87,100,2.06,ES,1677874172
159,mnogovershinnyy,53.9353,139.9242,-19.86,96,81,1.95,RU,1677874677
160,nemuro,43.3236,145.575,-3.53,77,13,1.44,JP,1677874677
161,grootfontein,-19.5667,18.1167,24.35,28,38,4.0,NA,1677874677
162,luderitz,-26.6481,15.1594,16.55,92,2,3.74,NA,1677874504
163,san jeronimo,-11.9472,-75.2829,17.36,54,100,2.29,PE,1677874678
164,shenjiamen,29.9576,122.298,8.96,74,15,2.82,CN,1677874544
165,aripuana,-9.1667,-60.6333,28.52,82,91,0.19,BR,1677874678
166,grand baie,-20.0182,57.5802,26.36,76,97,4.76,MU,1677874678
167,rio grande,-32.035,-52.0986,25.06,85,100,4.77,BR,1677874526
168,saint-ambroise,48.5501,-71.3324,-8.01,57,6,1.65,CA,1677874519
169,bayonet point,28.3267,-82.6834,30.1,66,30,2.68,US,1677874678
170,narok,-1.0783,35.8601,17.09,66,89,0.49,KE,1677874678
171,kyren,51.6828,102.1408,-3.57,69,100,1.78,RU,1677874491
172,kodiak,57.79,-152.4072,-4.27,36,0,18.01,US,1677874494
173,saint-joseph,-21.3667,55.6167,26.21,81,96,1.86,RE,1677874678
174,mataura,-46.1927,168.8643,11.06,75,100,0.87,NZ,1677874490
175,pocone,-16.2567,-56.6228,33.95,42,99,0.84,BR,1677874678
176,scarborough,54.2797,-0.4044,5.76,79,100,1.79,GB,1677874625
177,puerto ayora,-0.7393,-90.3518,30.98,81,76,2.24,EC,1677874502
178,kefamenanu,-9.4467,124.4781,21.21,86,100,0.88,ID,1677874679
179,semey,50.4111,80.2275,-5.97,81,47,4.88,KZ,1677874439
180,phan thiet,10.9333,108.1,21.28,75,100,3.7,VN,1677874679
181,nybro,56.7446,15.9071,3.47,71,84,3.83,SE,1677874098
182,iqaluit,63.7506,-68.5145,-9.15,85,100,1.54,CA,1677874515
183,kaitangata,-46.2817,169.8464,11.56,84,100,1.83,NZ,1677874510
184,tual,-5.6667,132.75,27.97,80,98,8.92,ID,1677874518
185,abu dhabi,24.4667,54.3667,23.86,72,0,3.09,AE,1677874237
186,cairns,-16.9167,145.7667,23.97,100,40,0.0,AU,1677874456
187,sept-iles,50.2001,-66.3821,-5.71,43,20,8.23,CA,1677874541
188,abu kamal,34.4506,40.9171,20.58,37,100,5.16,SY,1677874536
189,port lincoln,-34.7333,135.8667,15.6,86,10,2.66,AU,1677874530
190,kavieng,-2.5744,150.7967,25.57,87,100,5.54,PG,1677874510
191,kruisfontein,-34.0033,24.7314,21.6,80,100,3.35,ZA,1677874545
192,airai,-8.9266,125.4092,15.05,95,80,1.05,TL,1677874516
193,bandarbeyla,9.4942,50.8122,24.99,73,9,6.87,SO,1677874680
194,bijie,27.3125,105.2942,6.24,83,100,1.53,CN,1677874680
195,katyuzhanka,50.806,30.1376,1.87,74,100,4.16,UA,1677874681
196,bambous virieux,-20.3428,57.7575,26.23,88,40,2.57,MU,1677874538
197,san cristobal,7.7669,-72.225,28.1,46,21,3.05,VE,1677874524
198,bengkulu,-3.8004,102.2655,23.59,92,100,3.14,ID,1677874492
199,kholtoson,50.2981,103.3097,-9.39,77,73,2.04,RU,1677874681
200,novomykolayivka,47.9781,35.9102,2.04,68,28,4.25,UA,1677874681
201,progreso,21.2833,-89.6667,37.28,36,100,3.19,MX,1677874545
202,chernyshevskiy,63.0128,112.4714,-12.58,94,76,1.97,RU,1677874681
203,lahat,-3.8,103.5333,20.88,97,100,1.25,ID,1677874681
204,baglan,36.1307,68.7083,15.01,49,57,1.34,AF,1677874682
205,alexandria,31.2156,29.9553,17.24,78,0,3.16,EG,1677874190
206,mahibadhoo,3.7833,72.9667,27.42,75,15,7.47,MV,1677874682
207,ahipara,-35.1667,173.1667,18.41,84,22,2.95,NZ,1677874528
208,biak,-0.9131,122.8766,24.56,85,100,2.14,ID,1677874682
209,taman,45.2117,36.7161,5.15,49,100,2.19,RU,1677874682
210,hasaki,35.7333,140.8333,6.79,77,100,2.2,JP,1677874505
211,tanabe,33.7333,135.3667,4.94,55,86,2.29,JP,1677874682
212,kavaratti,10.5669,72.642,27.28,69,0,2.2,IN,1677874516
213,grand island,40.925,-98.342,11.16,45,33,1.79,US,1677874682
214,hambantota,6.1241,81.1185,25.49,78,99,7.38,LK,1677874499
215,katsuura,35.1333,140.3,9.77,75,79,4.91,JP,1677874500
216,ziro,27.6333,93.8333,6.32,78,11,1.06,IN,1677874683
217,osinniki,53.6239,87.3598,-3.28,91,100,6.61,RU,1677874420
218,sao joao da barra,-21.6403,-41.0511,29.05,83,99,7.07,BR,1677874526
219,vanderhoof,54.0166,-124.0198,-0.49,73,99,3.67,CA,1677874683
220,avera,33.194,-82.5271,26.97,58,98,10.82,US,1677874522
221,ancud,-41.8697,-73.8203,14.2,57,54,1.59,CL,1677874542
222,mendota,36.7536,-120.3816,12.96,55,5,2.08,US,1677874683
223,trelew,-43.249,-65.3051,19.3,34,100,9.65,AR,1677874683
224,general pico,-35.6566,-63.7568,40.65,10,0,4.51,AR,1677874683
225,coihaique,-45.5752,-72.0662,11.97,47,75,3.6,CL,1677874550
226,lingao,19.9103,109.6859,17.72,86,0,3.4,CN,1677874684
227,bambanglipuro,-7.95,110.2833,23.83,89,71,1.25,ID,1677874509
228,miri,4.4148,114.0089,24.08,88,40,1.03,MY,1677874684
229,fort nelson,58.8053,-122.7002,-10.59,63,75,2.57,CA,1677874512
230,magistralnyy,56.1725,107.4458,-7.3,93,100,1.65,RU,1677874584
231,east london,-33.0153,27.9116,24.56,78,100,2.65,ZA,1677874417
232,laguna,38.421,-121.4238,15.35,57,0,3.6,US,1677874516
233,san quintin,30.4833,-115.95,14.51,61,12,6.78,MX,1677874544
234,soe,-9.8607,124.284,18.71,90,100,1.52,ID,1677874491
235,fortuna,40.5982,-124.1573,9.96,66,0,2.57,US,1677874512
236,pecos,31.4229,-103.4932,21.25,14,0,5.66,US,1677874684
237,lata,40.1629,-8.3327,8.84,80,100,0.46,PT,1677874496
238,beringovskiy,63.05,179.3167,-22.28,91,100,2.9,RU,1677874509
239,hutchinson,38.0608,-97.9298,14.85,35,0,1.54,US,1677874540
240,santa vitoria,-18.8386,-50.1214,29.98,53,65,1.33,BR,1677874685
241,nouadhibou,20.931,-17.0347,19.99,73,91,6.69,MR,1677874685
242,lazaro cardenas,17.9583,-102.2,27.85,56,22,4.56,MX,1677874685
243,ust-ishim,57.6935,71.1665,-14.08,95,96,3.07,RU,1677874685
244,guanajuato,21.0186,-101.2591,25.44,16,2,5.21,MX,1677874685
245,palauig,15.435,119.9045,23.21,73,12,2.22,PH,1677874685
246,emerald,-23.5333,148.1667,20.75,91,100,4.53,AU,1677874686
247,bhawana,31.5692,72.649,16.82,53,71,2.41,PK,1677874686
248,mahebourg,-20.4081,57.7,26.25,88,40,2.57,MU,1677874520
249,lorengau,-2.0226,147.2712,26.28,85,100,6.71,PG,1677874544
250,mariakani,-3.8633,39.4736,23.2,91,54,3.44,KE,1677874686
251,kitimat,54.0524,-128.6534,2.73,46,100,0.39,CA,1677874518
252,baraya,3.1533,-75.0531,33.89,37,86,0.5,CO,1677874686
253,tupik,54.4253,119.9327,-8.45,94,100,1.79,RU,1677874686
254,vao,-22.6667,167.4833,25.43,88,100,9.47,NC,1677874528
255,manokwari,-0.8667,134.0833,25.24,82,100,3.52,ID,1677874507
256,alugan,12.2188,125.4808,24.58,83,65,4.99,PH,1677874687
257,nuevitas,21.5453,-77.2644,29.2,54,0,6.26,CU,1677874687
258,half moon bay,37.4636,-122.4286,15.88,73,0,4.12,US,1677874687
259,saint-augustin,51.226,-58.6502,-6.17,73,6,8.4,CA,1677874546
260,benghazi,32.1167,20.0667,21.39,34,100,8.9,LY,1677874687
261,olafsvik,64.8945,-23.7142,4.58,81,100,4.79,IS,1677874687
262,porkhov,57.765,29.5561,-2.73,95,100,3.49,RU,1677874688
263,tevaitoa,-16.7833,-151.5,27.45,72,64,1.36,PF,1677874688
264,chuy,-33.6971,-53.4616,28.62,56,100,5.25,UY,1677874500
265,husavik,66.0449,-17.3389,-0.4,88,82,3.81,IS,1677874515
266,soyo,-6.1349,12.3689,26.81,79,96,4.97,AO,1677874514
267,jagannathpur,22.2333,85.65,21.2,25,0,1.41,IN,1677874688
268,george town,5.4112,100.3354,24.97,99,20,1.03,MY,1677874585
269,avarua,-21.2078,-159.775,29.03,70,65,2.06,CK,1677874502
270,petropavlovsk-kamchatskiy,53.0452,158.6483,-13.67,52,0,6.0,RU,1677874546
271,tacoronte,28.4769,-16.4102,16.75,90,75,4.63,ES,1677874688
272,quzhou,28.9594,118.8686,9.22,74,6,2.04,CN,1677874605
273,matamoros,25.5333,-103.25,21.73,10,0,2.57,MX,1677874689
274,fallon,39.4735,-118.7774,7.93,41,20,2.57,US,1677874545
275,el seibo,18.7641,-69.0375,28.74,48,93,4.28,DO,1677874689
276,puerto leguizamo,-0.1934,-74.7819,30.43,60,91,1.58,CO,1677874528
277,riyadh,24.6877,46.7219,21.08,24,0,4.14,SA,1677874272
278,ucluelet,48.9329,-125.5528,2.83,91,100,0.45,CA,1677874523
279,marrakesh,31.6315,-8.0083,17.04,72,75,1.54,MA,1677874667
280,wanning,18.8003,110.3967,18.48,82,61,3.07,CN,1677874689
281,borovskoy,53.8,64.15,-7.31,91,94,6.21,KZ,1677874689
282,chardara,41.2547,67.9692,7.11,62,100,3.72,KZ,1677874689
283,tromso,69.6496,18.957,-2.99,68,40,7.2,NO,1677874520
284,aksarka,66.5606,67.7975,-25.59,95,91,1.68,RU,1677874531
285,ambilobe,-13.2,49.05,22.81,96,75,0.5,MG,1677874493
286,kulhudhuffushi,6.6221,73.07,26.87,75,2,3.61,MV,1677874690
287,cidreira,-30.1811,-50.2056,23.9,87,100,2.29,BR,1677874491
288,uusikaupunki,60.8004,21.4084,0.38,91,100,13.98,FI,1677874690
289,cabedelo,-6.9811,-34.8339,29.37,72,77,5.35,BR,1677874522
290,komsomolskiy,40.4272,71.7189,7.4,76,89,3.09,UZ,1677874690
291,machali,-34.1833,-70.6667,28.6,34,0,5.14,CL,1677874690
292,saint-pierre,-21.3393,55.4781,26.82,69,0,2.57,RE,1677874524
293,chernukha,55.5974,43.7556,-1.73,95,94,3.69,RU,1677874690
294,kawalu,-7.3817,108.2082,21.74,95,30,0.6,ID,1677874691
295,tilichiki,60.4667,166.1,-23.47,90,100,4.99,RU,1677874504
296,port hueneme,34.1478,-119.1951,19.7,60,0,2.06,US,1677874691
297,basud,14.065,122.9642,23.35,83,100,5.3,PH,1677874691
298,mahajanga,-15.7167,46.3167,25.01,94,40,1.54,MG,1677874534
299,mount isa,-20.7333,139.5,21.87,94,100,3.09,AU,1677874544
300,brae,60.3964,-1.353,5.04,67,78,6.66,GB,1677874691
301,groningen,53.25,6.75,6.12,79,100,3.09,NL,1677874691
302,sibu,2.3,111.8167,24.17,100,40,1.54,MY,1677874691
303,nchelenge,-9.3451,28.734,21.26,88,100,3.81,ZM,1677874692
304,ranong,9.9658,98.6348,23.58,89,39,1.83,TH,1677874692
305,norman wells,65.282,-126.8329,-24.98,70,20,3.6,CA,1677874517
306,sabha,27.0377,14.4283,22.81,12,0,3.99,LY,1677874546
307,zalantun,48.0,122.7167,-2.33,83,4,1.92,CN,1677874692
308,oriximina,-1.7656,-55.8661,28.65,79,24,1.71,BR,1677874422
309,saskylakh,71.9167,114.0833,-14.21,96,100,4.0,RU,1677874437
310,sokoto,13.0609,5.239,28.85,14,0,0.15,NG,1677874692
311,leshan,29.5623,103.7639,12.3,75,8,1.11,CN,1677874693
312,acapulco,16.8634,-99.8901,29.9,58,20,2.57,MX,1677874492
313,netanya,32.3329,34.8599,17.01,78,6,2.79,IL,1677874616
314,gornyy,55.1153,83.9059,-9.37,89,96,8.1,RU,1677874693
315,plastun,44.7561,136.2939,-8.58,81,4,2.81,RU,1677874693
316,ostrovnoy,68.0531,39.5131,-14.5,98,87,3.62,RU,1677874551
317,samur,41.8253,48.486,5.64,94,100,2.85,RU,1677874693
318,kapasan,-6.7773,111.3789,23.13,93,100,1.75,ID,1677874693
319,safaga,26.7292,33.9365,23.79,35,0,2.98,EG,1677874693
320,albury,-36.0833,146.9167,18.34,100,85,1.34,AU,1677874693
321,mount gambier,-37.8333,140.7667,11.12,94,100,1.37,AU,1677874498
322,nekhayevskiy,50.4106,41.7561,0.49,88,100,4.51,RU,1677874694
323,tezu,27.9167,96.1667,19.77,39,65,1.91,IN,1677874525
324,paamiut,61.994,-49.6678,3.39,79,100,4.18,GL,1677874497
325,ambanja,-13.6833,48.45,23.64,93,100,1.64,MG,1677874694
326,krasnoselkup,65.7,82.4667,-21.17,98,85,5.62,RU,1677874694
327,kendal,54.3268,-2.7476,5.88,78,15,0.68,GB,1677874694
328,vilcun,-38.65,-72.2333,21.41,35,7,4.16,CL,1677874694
329,morant bay,17.8815,-76.4093,30.39,66,3,6.33,JM,1677874695
330,chimoio,-19.1164,33.4833,19.63,92,100,2.09,MZ,1677874695
331,kerema,-7.9631,145.7785,23.9,85,100,3.88,PG,1677874695
332,yar-sale,66.8333,70.8333,-17.33,97,98,3.73,RU,1677874513
333,guerrero negro,27.9769,-114.0611,16.98,50,44,6.47,MX,1677874499
334,ndioum,16.5129,-14.6471,30.37,8,100,4.25,SN,1677874695
335,uige,-7.6087,15.0613,22.29,80,98,0.39,AO,1677874541
336,tasiilaq,65.6145,-37.6368,-1.91,98,100,4.66,GL,1677874503
337,ushirombo,-3.4919,31.9639,18.22,93,21,0.91,TZ,1677874695
338,bonfim,3.0833,-59.95,32.31,45,98,3.28,BR,1677874695
339,sayan,-11.1361,-77.1933,26.57,68,92,4.42,PE,1677874695
340,farafangana,-22.8167,47.8333,23.99,89,100,1.46,MG,1677874695
341,swan hill,-35.3378,143.5544,15.23,65,67,2.17,AU,1677874696
342,shingu,33.7333,135.9833,4.39,50,94,2.31,JP,1677874535
343,mayo,38.8876,-76.5119,6.16,83,100,5.14,US,1677874495
344,aba,5.1066,7.3667,27.09,77,97,3.11,NG,1677874696
345,aden,12.7794,45.0367,24.99,82,5,9.07,YE,1677874435
346,myitkyina,25.3833,97.4,17.08,48,2,0.98,MM,1677874547
347,homer,59.6425,-151.5483,-4.06,40,0,4.02,US,1677874530
348,provideniya,64.3833,-173.3,-27.0,100,90,2.37,RU,1677874524
349,hokitika,-42.7167,170.9667,15.96,88,27,2.46,NZ,1677874696
350,itaueira,-7.6033,-43.0256,35.07,30,95,1.88,BR,1677874696
351,antofagasta,-23.65,-70.4,22.6,67,9,3.53,CL,1677874696
352,pechora,65.1472,57.2244,-23.48,100,98,1.87,RU,1677874696
353,souillac,-20.5167,57.5167,24.21,88,40,2.57,MU,1677874505
354,duverge,18.3784,-71.5247,30.03,39,6,4.38,DO,1677874697
355,malakal,9.5334,31.6605,30.36,11,40,2.05,SS,1677874697
356,siteki,-26.45,31.95,16.37,96,0,0.4,SZ,1677874697
357,pathein,16.7833,94.7333,21.07,79,0,2.63,MM,1677874697
358,mega,4.05,38.3,20.39,45,27,7.0,ET,1677874697
359,changli,39.7042,119.1506,2.0,57,0,2.63,CN,1677874697
360,fairbanks,64.8378,-147.7164,-15.99,78,75,2.57,US,1677874322
361,hameln,52.104,9.3562,4.28,85,12,2.33,DE,1677874697
362,mar del plata,-38.0023,-57.5575,35.01,34,20,5.66,AR,1677874354
363,nisia floresta,-6.0911,-35.2086,28.45,69,100,4.76,BR,1677874697
364,bar harbor,44.3876,-68.2039,2.58,61,0,3.6,US,1677874698
365,deputatskiy,69.3,139.9,-40.68,96,23,0.86,RU,1677874524
366,ginda,30.6945,78.4932,10.91,35,100,2.45,IN,1677874698
367,oranjestad,12.524,-70.027,28.97,65,20,6.17,AW,1677874626
368,isangel,-19.55,169.2667,26.43,96,100,19.31,VU,1677874534
369,vostok,46.4856,135.8833,-15.82,98,100,1.88,RU,1677874698
370,zheleznodorozhnyy,55.7503,38.0042,-1.25,97,53,2.43,RU,1677874698
371,los chiles,11.0333,-84.7167,32.95,42,75,3.84,CR,1677874698
372,awbari,26.5921,12.7805,20.54,13,0,1.49,LY,1677874698
373,altay,47.8667,88.1167,-0.64,66,100,1.29,CN,1677874698
374,mitu,1.1983,-70.1733,28.55,76,61,1.19,CO,1677874521
375,arlit,18.7369,7.3853,27.83,8,3,3.88,NE,1677874699
376,valparaiso,-33.0393,-71.6273,21.13,66,0,5.14,CL,1677874420
377,najran,17.4924,44.1277,24.36,35,95,3.81,SA,1677874699
378,camana,-16.6228,-72.7111,24.92,78,64,3.93,PE,1677874699
379,eyl,7.9803,49.8164,24.43,75,5,6.51,SO,1677874699
380,havre,49.5833,0.3333,4.22,93,40,4.12,FR,1677874699
381,penzance,50.1186,-5.5371,5.43,69,91,4.53,GB,1677874699
382,yaransk,57.3033,47.8861,-3.39,96,99,3.79,RU,1677874699
383,aksu,41.1231,80.2644,5.31,45,12,0.85,CN,1677874530
384,lavrentiya,65.5833,-171.0,-30.52,100,69,2.16,RU,1677874496
385,novikovo,51.1537,37.8879,0.3,89,100,4.64,RU,1677874541
386,bestobe,52.4994,73.0975,-8.5,84,86,9.37,KZ,1677874700
387,mumford,5.2618,-0.759,27.51,80,100,4.63,GH,1677874700
388,fastovetskaya,45.9189,40.1589,2.03,66,97,1.37,RU,1677874700
389,teya,60.3778,92.6267,-13.01,99,100,1.48,RU,1677874519
390,concepcion,-36.827,-73.0498,22.89,56,0,7.2,CL,1677874539
391,waipawa,-41.4122,175.5153,15.62,97,100,1.73,NZ,1677874700
392,pangnirtung,66.1451,-65.7125,-9.59,82,99,1.17,CA,1677874700
393,ban nahin,18.2418,104.2122,16.68,88,0,2.08,LA,1677874700
394,kichera,55.9375,110.0997,-6.38,91,100,1.31,RU,1677874700
395,general roca,-39.0333,-67.5833,34.79,16,2,11.28,AR,1677874394
396,mashhad,36.297,59.6062,9.08,61,0,3.09,IR,1677874009
397,ulaanbaatar,47.9077,106.8832,-10.93,85,0,0.0,MN,1677874560
398,maine-soroa,13.2114,12.0241,30.47,10,74,3.96,NE,1677874701
399,bubaque,11.2833,-15.8333,25.67,67,4,8.34,GW,1677874701
400,grand-lahou,5.1367,-5.0242,26.73,85,8,3.47,CI,1677874701
401,keskin,39.6731,33.6136,8.15,65,64,1.83,TR,1677874701
402,palasa,18.7667,84.4167,22.22,64,0,2.65,IN,1677874701
403,awjilah,29.1081,21.2869,21.2,19,1,5.42,LY,1677874701
404,la ronge,55.1001,-105.2842,-1.86,54,100,6.69,CA,1677874541
405,havoysund,70.9963,24.6622,2.13,62,100,8.46,NO,1677874701
406,ornskoldsvik,63.2909,18.7153,-0.47,93,40,7.2,SE,1677874515
407,sarangani,5.4033,125.4636,26.49,76,95,2.71,PH,1677874702
408,swinoujscie,53.9105,14.2471,3.08,87,40,7.2,PL,1677874638
409,listvyagi,53.6772,86.951,-3.15,73,100,7.25,RU,1677874702
410,pacific grove,36.6177,-121.9166,14.1,74,20,4.12,US,1677874506
411,altamira,-3.2033,-52.2064,31.05,74,40,2.57,BR,1677874702
412,almonte,37.2647,-6.5167,13.02,58,100,3.25,ES,1677874702
413,severo-kurilsk,50.6789,156.125,-6.12,69,97,10.46,RU,1677874507
414,palmer,42.1584,-72.3287,7.23,35,100,0.89,US,1677874528
415,rundu,-17.9333,19.7667,23.96,49,82,2.23,NA,1677874702
416,tuatapere,-46.1333,167.6833,11.28,74,71,2.68,NZ,1677874539
417,caba,16.4316,120.3446,23.15,74,82,3.05,PH,1677874703
418,zabol,32.25,67.25,5.94,86,77,2.17,AF,1677874703
419,horasan,40.0458,42.1728,1.27,97,100,0.31,TR,1677874703
420,akdepe,42.0551,59.3788,2.05,52,11,3.77,TM,1677874703
421,lasa,46.6166,10.7002,6.49,91,85,1.9,IT,1677874703
422,kilindoni,-7.9139,39.6668,27.75,76,72,8.37,TZ,1677874703
423,ypsonas,34.6884,32.9574,15.54,88,0,5.66,CY,1677874703
424,big bend,-26.8167,31.9333,19.67,95,0,0.36,SZ,1677874704
425,axim,4.8699,-2.2405,26.86,86,41,2.97,GH,1677874547
426,pala,9.3642,14.9046,31.64,18,28,2.47,TD,1677874705
427,niamey,13.5137,2.1098,34.16,8,0,3.09,NE,1677874705
428,talnakh,69.4865,88.3972,-17.11,95,100,0.91,RU,1677874519
429,senanga,-16.1167,23.2667,19.86,86,43,1.28,ZM,1677874705
430,humaita,-7.5061,-63.0208,31.7,59,75,1.12,BR,1677874705
431,muhos,64.808,25.9931,-4.12,98,74,0.77,FI,1677874705
432,azua,18.4532,-70.7349,29.44,55,18,5.65,DO,1677874624
433,codrington,-38.2667,141.9667,12.41,94,100,1.91,AU,1677874497
434,hays,30.0502,-98.0336,23.45,33,0,3.13,US,1677874706
435,andros town,24.7,-77.7667,27.98,62,0,9.84,BS,1677874706
436,coquimbo,-29.9533,-71.3436,21.85,64,20,4.12,CL,1677874530
437,kallithiron,39.2817,21.9061,8.44,75,100,1.01,GR,1677874706
438,linxia,35.6003,103.2064,1.98,45,0,1.47,CN,1677874706
439,manaure,11.7751,-72.4445,31.08,51,97,7.27,CO,1677874706
440,baykalsk,51.5058,104.1469,-3.16,76,17,2.64,RU,1677874706
441,kotido,2.9806,34.1331,25.36,37,16,1.95,UG,1677874706
442,odweyne,9.4092,45.064,23.14,58,7,3.17,SO,1677874706
443,omboue,-1.5746,9.2618,26.33,87,97,2.9,GA,1677874706
444,coxim,-18.5067,-54.76,30.96,62,72,2.7,BR,1677874707
445,yellapur,14.9667,74.7167,21.36,31,0,1.98,IN,1677874707
446,tahe,52.3333,124.7333,-13.11,97,19,1.73,CN,1677874707
447,berlevag,70.8578,29.0864,1.0,93,100,9.26,NO,1677874531
448,poum,-20.2333,164.0167,27.06,81,100,11.26,NC,1677874509
449,nome,64.5011,-165.4064,-27.69,83,0,0.0,US,1677874435
450,mae sai,20.4335,99.8762,18.69,53,0,0.83,TH,1677874707
451,skjervoy,70.0311,20.9714,-5.0,60,100,9.97,NO,1677874707
452,kloulklubed,7.0419,134.2556,25.28,66,100,6.56,PW,1677874707
453,general artigas,-26.9333,-56.2167,24.84,91,33,3.47,PY,1677874707
454,am timan,11.0297,20.2827,30.71,10,3,2.63,TD,1677874708
455,verkhnyaya inta,65.9811,60.3094,-21.89,99,91,2.54,RU,1677874549
456,ayame,5.6083,-3.1563,25.76,84,3,2.19,CI,1677874708
457,gornopravdinsk,60.05,69.9,-19.11,99,96,2.19,RU,1677874708
458,samoded,63.6083,40.5111,-19.65,100,100,1.04,RU,1677874708
459,krutinka,56.0055,71.5113,-15.21,92,90,5.79,RU,1677874708
460,nyrob,60.733,56.7202,-15.8,98,100,1.79,RU,1677874708
461,zlobin,45.2924,14.6541,3.42,66,0,1.03,HR,1677874708
462,manono,-7.3,27.4167,20.22,97,100,0.88,CD,1677874708
463,antas,41.7364,-8.3089,7.23,78,4,1.45,PT,1677874709
464,abha,18.2164,42.5053,15.14,59,0,0.0,SA,1677874313
465,porto velho,-8.7619,-63.9039,32.03,55,40,3.09,BR,1677874623
466,tabuk,17.4189,121.4443,18.45,90,98,1.29,PH,1677874709
467,merrill,45.1805,-89.6835,2.16,71,0,3.6,US,1677874709
468,presidencia roque saenz pena,-26.7852,-60.4388,29.62,51,72,1.52,AR,1677874438
469,sorong,-0.8833,131.25,24.51,89,100,2.53,ID,1677874709
470,gundlupet,11.8,76.6833,18.52,41,0,2.6,IN,1677874709
471,ponta delgada,37.7333,-25.6667,14.4,82,20,10.29,PT,1677874560
472,marienburg,54.0359,19.0266,3.35,76,100,5.34,PL,1677874548
473,fukue,32.6881,128.8419,10.77,48,100,2.18,JP,1677874709
474,pucallpa,-8.3791,-74.5539,32.02,55,75,2.06,PE,1677874709
475,port hardy,50.6996,-127.4199,3.1,93,100,5.66,CA,1677874510
476,assomada,15.1,-23.6833,20.75,67,40,5.07,CV,1677874710
477,lodja,-3.4833,23.4333,22.93,78,72,0.73,CD,1677874710
478,richards bay,-28.783,32.0377,21.32,84,60,2.71,ZA,1677874508
479,mariental,-24.6333,17.9667,25.65,33,51,7.99,NA,1677874710
480,kyotera,-0.6156,31.5175,17.96,81,20,1.07,UG,1677874710
481,bunol,39.4167,-0.7833,8.43,56,16,0.92,ES,1677874710
482,tonj,7.2737,28.6822,31.53,18,69,1.73,SS,1677874710
483,namibe,-15.1961,12.1522,21.39,72,0,5.02,AO,1677874497
484,naze,28.3667,129.4833,12.51,55,100,1.76,JP,1677874710
485,coruripe,-10.1256,-36.1756,27.76,68,11,5.1,BR,1677874710
486,veseloyarsk,51.2836,81.1056,-8.32,88,7,5.15,RU,1677874711
487,kholm-zhirkovskiy,55.5189,33.4731,-2.21,91,94,3.04,RU,1677874711
488,vysokopillya,47.4919,33.5306,1.89,78,52,4.44,UA,1677874711
489,nikita,44.5333,34.2333,1.85,75,81,1.97,UA,1677874711
490,siuna,13.7332,-84.7773,33.85,33,42,3.4,NI,1677874711
491,mubarakpur,26.09,83.2922,21.45,32,0,4.0,IN,1677874711
492,hov,60.6987,10.3519,-9.52,95,24,1.69,NO,1677874711
493,kadoma,34.7333,135.5833,5.82,69,99,1.54,JP,1677874711
494,bataipora,-22.2953,-53.2711,25.11,87,100,1.36,BR,1677874712
495,gaoua,10.2992,-3.2508,31.28,13,4,1.29,BF,1677874712
496,tomatlan,19.9333,-105.25,29.2,44,72,5.41,MX,1677874712
497,chapais,49.7834,-74.8492,-8.12,71,16,2.45,CA,1677874543
498,magadan,59.5667,150.8,-26.62,97,100,1.66,RU,1677874571
499,lauenburg,53.372,10.5565,4.58,84,10,4.55,DE,1677874712
500,shanghai,31.2222,121.4581,7.74,67,0,1.79,CN,1677874271
501,acarau,-2.8856,-40.12,26.43,83,100,5.35,BR,1677874526
502,vaitape,-16.5167,-151.75,27.57,72,98,1.37,PF,1677874549
503,taoudenni,22.6783,-3.9836,27.64,12,0,3.17,ML,1677874508
504,staritsa,56.5075,34.9354,-5.25,97,100,2.29,RU,1677874712
505,huarmey,-10.0681,-78.1522,25.33,75,81,4.05,PE,1677874712
506,illapel,-31.6308,-71.1653,27.11,43,0,3.93,CL,1677874712
507,prince rupert,54.3161,-130.3201,4.05,65,20,11.32,CA,1677874493
508,banda aceh,5.5577,95.3222,24.68,83,69,4.07,ID,1677874713
509,hammerfest,70.6634,23.6821,-0.75,69,40,5.14,NO,1677874713
510,edd,13.9297,41.6925,29.13,47,48,9.02,ER,1677874713
511,akyab,20.15,92.9,21.81,52,0,4.12,MM,1677874713
512,trujillo,-8.116,-79.03,25.98,65,88,3.6,PE,1677874661
513,fairview,40.8126,-73.999,7.1,50,100,4.63,US,1677874713
514,deep river,46.1001,-77.4995,-1.7,45,57,3.58,CA,1677874713
515,borogontsy,62.6683,131.1683,-24.1,98,100,5.37,RU,1677874713
516,sao felix do xingu,-6.6447,-51.995,30.64,62,48,1.16,BR,1677874713
517,hof,50.3167,11.9167,-1.98,95,100,2.06,DE,1677874553
518,abbeville,50.1,1.8333,5.27,86,14,3.29,FR,1677874714
519,shahgarh,24.3167,79.1333,23.24,24,0,1.25,IN,1677874714
520,shorapani,42.0898,43.0866,8.47,90,100,2.75,GE,1677874714
521,laramie,41.3114,-105.5911,1.41,53,100,3.09,US,1677874714
522,torbat-e jam,35.244,60.6225,12.17,40,88,1.41,IR,1677874714
523,lerwick,60.1545,-1.1494,4.0,68,90,6.88,GB,1677874530
524,hamilton,39.1834,-84.5333,10.69,100,100,5.66,US,1677874277
525,irati,-25.4672,-50.6511,21.13,93,98,1.62,BR,1677874714
526,broken hill,-31.95,141.4333,18.3,47,18,3.95,AU,1677874714
527,dapaong,10.8639,0.205,31.05,12,0,1.29,TG,1677874669
528,athabasca,54.7169,-113.2854,0.23,71,100,3.85,CA,1677874715
529,bereda,43.2686,-7.5406,3.41,99,1,2.28,ES,1677874715
530,terme,41.2092,36.9739,7.96,91,100,2.26,TR,1677874715
531,sidi ali,36.0998,0.4206,7.5,71,2,1.71,DZ,1677874715
532,viedma,-40.8135,-62.9967,28.15,24,68,6.41,AR,1677874443
533,hualmay,-11.0964,-77.6139,24.9,74,57,4.5,PE,1677874535
534,wanaka,-44.7,169.15,13.39,77,89,1.34,NZ,1677874598
535,kingaroy,-26.5333,151.8333,13.95,97,1,1.92,AU,1677874715
536,slavutych,51.5196,30.7343,0.0,90,100,3.61,UA,1677874715
537,balkanabat,39.5108,54.3671,12.58,50,52,3.57,TM,1677874715
538,victor harbor,-35.5667,138.6167,14.27,75,60,2.67,AU,1677874716
539,yulara,-25.2406,130.9889,19.43,25,6,2.84,AU,1677874548
540,sherlovaya gora,50.5667,116.25,-15.67,98,55,1.73,RU,1677874716
541,sonoita,31.85,-112.8333,14.87,33,12,1.93,MX,1677874716
542,seoul,37.5683,126.9778,2.69,81,100,0.94,KR,1677874338
543,meulaboh,4.1363,96.1285,23.39,90,99,1.29,ID,1677874523
544,caravelas,-17.7125,-39.2481,27.52,72,0,3.55,BR,1677874492
